<?xml version="1.0" encoding="UTF-8"?>
<project-private xmlns="http://www.netbeans.org/ns/project-private/1">
    <editor-bookmarks xmlns="http://www.netbeans.org/ns/editor-bookmarks/2" lastBookmarkId="0"/>
    <open-files xmlns="http://www.netbeans.org/ns/projectui-open-files/2">
        <group>
            <file>file:/home/krigsdator/NetBeansProjects/InheritTheWind/src/inheritthewind/Cloud.java</file>
            <file>file:/home/krigsdator/NetBeansProjects/InheritTheWind/src/inheritthewind/Temperature.java</file>
            <file>file:/home/krigsdator/NetBeansProjects/InheritTheWind/src/inheritthewind/Weather.java</file>
            <file>file:/home/krigsdator/NetBeansProjects/InheritTheWind/src/inheritthewind/InheritTheWind.java</file>
        </group>
    </open-files>
</project-private>
